"Actual","Predicted"
9897.158,9911
7078.411,7005
9577.631,9517
9907.388,9957
10039.682,9911
6847.892,6850
8726.717,8698
8020.455,7999
6882.643,6799
9894.603,10009
9887.416,9955
9426.652,9553
9287.021,9306
6807.806,6803
9318.932,9350
6900.366,6805
9341.331,9284
7980.574,7948
8767.374,8708
9893.302,9927
8953.42,9032
6810.953,6913
6862.585,6853
6944.084,7001
8644.048,8700
9023.989,9013
9356.514,9326
7011.582,7020
9253.432,9368
8920.521,9004
9080.719,9015
9285.126,9333
9577.559,9510
7982.14,7917
8650.144,8660
7915.899,7976
7341.627,7277
9080.174,9058
9042.093,9033
9267.582,9335
8684.679,8672
9530.847,9511
7936.853,7961
7953.483,8002
9526.328,9499
6747.002,6758
9992.058,9964
9276.567,9331
9564.245,9494
6836.488,6885
9222.339,9391
9342.697,9355
9944.853,9966
10044.105,9959
9549.949,9475
7993.902,7957
7335.199,7247
9440.986,9546
7006.265,7042
8968.026,9031
9602.848,9468
7841.189,7912
9956.582,9993
6937.643,7005
9955.078,9967
9301.112,9360
7054.248,7006
9541.247,9543
9914.526,9946
9058.002,8964
7970.789,7931
6937.903,6964
7078.832,6971
7921.57,7947
9282.538,9340
7902.459,7981
7018.258,7052
9564.332,9504
7406.664,7331
9292.484,9343
8664.476,8683
9345.479,9336
7200.374,7272
8781.844,8682
9036.229,9079
7870.143,7909
9248.077,9315
9061.462,9021
6894.43,6832
9246.515,9356
7284.811,7314
6939.976,7031
8019.68,7920
8007.502,7971
7139.252,7030
8801.068,8719
7281.305,7302
7273.017,7328
7846.873,7961
9932.141,9900
9381.748,9293
9367.498,9335
8626.176,8745
8991.195,8999
6956.796,6947
7984.785,7878
6875.134,6955
8958.429,9020
8609.549,8681
9849.469,9914
8635.71,8682
9380.659,9349
9063.242,9057
9259.415,9313
6940.275,6923
7243.276,7301
9309.366,9336
9323.964,9351
8711.44,8695
9300.854,9349
9271.115,9329
8970.574,9037
8768.429,8646
6915.403,6997
9966.086,9932
9531.32,9491
9022.617,8996
7877.13,7895
6834.039,6912
9052.438,9048
7367.372,7322
10057.725,9958
9374.438,9335
9566.79,9533
9991.81,9974
9272.933,9335
9440.471,9522
9928.607,9963
9291.324,9343
7932.481,7956
8714.427,8665
8041.888,7946
8587.589,8681
9130.092,9032
9930.69,9928
9363.219,9373
9291.147,9326
7210.576,7304
6993.848,7018
7386.118,7310
9509.414,9513
7086.915,7058
6912.301,6903
7981.977,7982
8746.897,8616
7969.482,7962
6785.444,6848
8992.935,8974
7939.57,7967
7263.496,7263
8013.395,8030
9035.331,9023
9582.026,9493
7092.403,7059
7882.027,7872
6997.062,6870
7176.981,7286
9972.031,10000
8662.518,8715
9076.287,9047
7254.446,7222
8977.502,9043
9886.215,9972
9988.19,9927
9338.125,9343
7324.731,7278
9046.47,8989
7058.771,6996
8017.106,7968
9400.396,9305
8952.286,9029
9338.065,9356
7240.627,7299
9995.453,9910
8603.259,8672
6820.051,6858
7102.317,7058
8780.026,8654
7120.418,6987
9313.236,9281
8930.533,9046
9261.55,9335
7121.181,7074
9470.717,9495
6965.03,6880
6997.838,6866
8676.73,8665
7391.087,7292
9477.305,9483
9417.671,9330
8573.581,8667
9442.126,9526
6975.02,6842
8007.289,7971
8988.69,9027
9426.182,9328
8588.11,8723
8613.448,8702
7344.785,7381
8621.735,8685
7234.263,7272
9367.647,9343
7245.59,7284
9073.364,8967
7968.808,7976
7963.597,7983
7351.353,7283
7968.224,7960
7053.494,6914
6920.102,7020
8930.047,9043
7359.105,7341
8975.395,9028
7825.634,7949
7279.734,7337
8752.153,8673
9091.452,9028
7027.975,7041
7013.747,6976
6922.678,6930
8593.433,8683
8723.183,8682
9279.863,9342
8610.213,8714
10010.51,9927
10057.341,9992
8780.56,8717
7279.654,7269
8664.627,8671
8706.349,8674
7206.123,7291
9013.37,9024
9363.934,9306
9424.982,9548
8056.093,7978
8082.57,7981
9918.75,9935
9302.925,9323
8901.261,8999
8016.96,7974
7267.24,7332
7358.577,7328
6991.962,7070
7909.082,7990
9050.382,9025
7826.963,7899
8784.708,8718
9554.492,9519
6892.311,6860
7231.586,7280
9479.993,9510
8738.671,8648
6905.736,6813
10059.402,9969
8782.29,8681
7228.371,7293
9512.265,9470
9412.981,9398
6863.065,6908
7055.377,6989
7057.426,6912
8970.286,9035
7954.777,7929
8083.07,7965
8583.285,8698
7320.016,7288
9076.874,9029
9550.914,9533
7918.123,7962
8759.814,8706
8992.607,8957
8718.652,8698
6946.637,7077
8591.122,8695
9291.532,9319
9910.381,9972
9585.827,9509
7934.591,7937
9102.159,8999
9605.044,9494
9427.045,9324
9316.437,9335
7102.029,7016
9878.243,9986
6882.745,6931
9013.68,9025
6903.64,6902
8810.032,8650
8753.723,8667
7971.29,7980
9260.53,9305
7339.2,7317
7926.322,7953
9512.988,9479
7868.839,7963
7294.26,7210
9882.443,9978
9909.424,9966
6971.075,7002
7810.061,7938
9427.712,9520
9268.015,9348
7865.593,7984
9953.697,9941
8694.984,8641
8936.596,9009
9381.009,9306
7203.201,7263
9049.927,9028
7910.335,7973
9244.793,9324
8964.91,9063
9263.586,9326
7907.473,7911
7056.325,7038
6911.436,7018
9096.461,9042
8923.258,9042
7014.716,6991
6946.632,6864
9300.635,9264
7962.644,7959
9898.987,9923
9093.374,9008
9939.388,9929
7857.054,7932
8738.879,8699
7054.469,6949
9424.846,9338
6875.59,6981
7895.02,8013
7346.816,7304
10003.345,9958
10073.691,9993
7912.009,7969
7341.156,7278
9978.857,9923
7282.733,7271
10004.875,9926
7240.244,7322
9932.028,9984
9876.961,9946
6915.991,6931
9349.476,9374
7003.156,6997
9248.624,9364
7951.444,7892
7020.756,6978
7221.529,7192
7263.138,7318
9921.49,9947
9278.108,9383
9390.63,9308
6924.817,7021
9460.914,9518
8709.417,8676
7912.09,7955
6961.085,6915
9862.82,9915
6967.16,7005
8031.673,7985
9103.98,9008
7357.4,7217
7896.35,7948
6771.323,6878
6901.626,6859
6963.744,6833
6922.001,6865
7107.869,7028
9049.952,8996
6877.056,7025
8951.373,9051
9006.391,9036
6982.147,6987
7192.025,7207
9404.24,9328
6887.344,6976
8741.058,8704
9076.962,8973
6818.051,6825
8698.153,8699
9337.179,9305
9900.488,9973
7865.081,7888
8670.091,8713
6952.642,7042
6992.966,7068
8725.726,8677
8658.126,8669
8625.397,8689
6871.795,6872
8074.024,7948
7898.423,7973
8613.991,8639
9019.193,9040
8618.069,8717
6986.746,7039
6962.61,7075
9475.944,9472
9229.877,9359
9043.609,8999
7008.234,6940
8647.131,8653
9953.883,9932
10011.377,9989
7213.92,7380
7318.974,7239
9084.042,9063
6824.995,6926
9330.37,9264
8967.705,8973
7954.768,7999
7009.096,6972
7377.969,7316
8621.409,8652
7058.372,7043
6862.76,6857
7260.877,7303
9509.491,9546
6800.505,6846
7203.535,7258
9612.343,9546
9234.488,9349
9235.156,9333
6900.125,7019
6948.102,7015
7329.04,7303
9993.744,9923
6915.375,6938
6807.44,6801
7322.689,7294
7047.733,7019
9592.715,9534
8029.144,8013
9471.507,9513
8648.558,8691
6934.953,6964
8732.951,8719
9928.311,9924
9252.535,9283
9141.663,8997
7925.969,7943
6894.711,6866
8751.497,8688
8762.514,8647
9605.312,9533
7278.031,7269
9955.331,9958
10015.84,9918
7962.709,7933
9909.032,9951
9110.447,9050
7391.372,7292
6967.288,6983
8010.589,7969
9996.718,10006
7397.659,7362
9299.569,9296
6923.571,6860
9520.94,9527
7841.39,7945
7136.612,7242
7305.463,7301
7270.766,7245
8691.656,8703
8664.746,8709
7843.055,7965
9536.943,9522
8601.24,8669
6950.595,7025
8598.548,8705
6847.715,6852
10011.643,9937
8622.067,8644
10005.261,10013
9425.737,9524
9415.656,9296
9552.067,9529
8898.179,8992
7316.071,7279
7293.348,7188
7300.795,7262
6894.422,6938
9569.837,9491
9438.019,9520
8686.23,8668
9239.825,9322
8592.987,8664
9359.181,9379
7128.562,7318
7127.415,7005
7220.103,7262
6952.189,7038
9482.54,9550
7331.236,7283
7393.328,7335
9547.766,9504
7111.296,7011
8728.23,8693
6935.918,6812
7240.307,7301
8931.79,8960
9386.753,9320
6909.415,6896
9230.704,9256
8695.821,8717
8984.974,9013
6880.342,6958
9240.605,9292
6930.292,6996
9415.219,9352
9437.285,9515
6806.623,6869
7846.002,7965
7217.275,7209
7253.304,7278
8005.196,7964
9295.224,9298
7982.568,7929
10016.342,9959
8620.223,8665
7106.358,6982
9308.51,9361
9062.058,8978
7096.237,7033
9402.522,9285
10047.062,9945
7421.311,7286
7244.091,7258
6951.342,6885
9552.512,9482
6979.221,7063
9012.063,8987
7039.182,6966
8957.82,9029
7991.437,8014
7320.021,7282
9554.659,9482
8023.984,7965
8950.385,9053
9437.904,9494
6806.243,6834
6926.047,6918
7953.916,7948
9586.867,9516
6882.043,6800
9269.426,9277
6910.22,6943
7890.566,7959
8019.911,7990
9226.828,9360
6795.069,6889
6864.151,6791
10074.731,9919
9575.166,9479
9571.718,9493
7102.825,6969
8069.868,7919
7074.994,6979
7321.271,7336
7317.904,7263
9377.903,9346
8057.227,8003
7065.783,7025
7222.812,7313
8939.621,9058
9915.933,9978
9580.764,9537
7153.122,7260
8688.264,8702
9434.456,9479
6895.13,6937
6804.046,6804
7006.986,6986
8038.042,7989
7050.274,6978
8639.309,8663
6855.084,6836
9450.263,9506
7280.251,7283
9412.591,9341
7249.434,7289
8736.76,8681
6906.273,6971
9341.948,9295
9402.321,9340
7176.888,7244
9060.185,9005
7085.8,6994
8975.833,9008
7277.682,7319
7029.564,6984
6858.623,6832
7944.85,7979
7247.329,7272
9451.977,9511
7908.277,7977
9035.131,9034
10066.567,9966
8986.31,9008
8924.19,9026
6930.676,6907
9624.171,9547
9439.556,9475
7377.666,7350
9290.434,9316
7348.255,7313
7133.485,7084
7091.587,7064
9002.311,9043
6982.272,6841
7249.715,7323
7091.677,7005
6918.91,7028
9249.862,9321
9334.683,9318
7844.113,7953
6975.586,6989
7286.673,7270
6826.66,6871
10060.502,10016
7259.772,7288
8637.492,8710
9003.474,9009
8707.457,8677
9421.982,9345
9229.895,9308
9042.821,9029
9035.421,8970
9013.316,9033
6904.096,7026
9529.108,9528
7337.127,7253
8970.093,9005
8706.096,8672
9051.426,9004
8703.812,8728
9459.035,9533
7065.818,7077
9250.172,9309
7988.758,7988
9085.339,9042
6892.829,6806
7884.357,7939
9573.331,9476
9577.646,9505
9032.615,9028
7378.288,7339
9416.422,9461
9000.117,9030
9897.26,9937
7989.043,7949
8708.929,8655
9986.239,9938
8734.464,8684
7065.056,7028
7302.042,7266
8665.931,8666
10017.048,9947
7922.397,7939
6956.066,6899
7880.538,7926
6850.93,6801
6929.958,6864
9492.22,9479
8597.346,8684
9991.083,9981
7052.586,6959
9915.179,9895
9550.408,9502
9427.215,9526
7917.014,8018
7338.914,7336
9511.318,9517
7276.035,7293
8617.597,8670
6894.333,6981
8036.507,7969
9906.208,9925
9070.809,9058
7948.411,7907
9392.455,9344
6921.366,7005
10059.599,9914
9259.327,9308
9061.096,9085
8970.425,9067
9976.3,9968
7050.204,7001
9321.902,9353
6739.19,6821
9050.359,8962
6870.504,6989
8760.912,8665
7005.565,6969
7114.858,7021
7297.634,7229
8946.033,9030
6810.548,6833
9266.025,9335
9004.117,8996
8989.991,9023
8622.033,8709
9927.707,9929
6846.65,6781
6884.151,6827
9281.145,9347
8735.795,8700
9389.855,9329
6998.248,6942
8608.334,8664
8748.138,8659
9347.956,9305
7075.042,7000
9252.651,9338
7852.57,7948
8642.216,8704
9585.458,9514
9450.822,9498
6749.818,6805
7026.837,6992
6953.267,7010
9558.828,9494
8673.212,8683
7268.485,7266
7257.999,7253
8005.463,7976
8587.269,8678
9292.554,9348
9562.315,9486
7265.183,7318
8633.86,8684
9973.008,9946
8004.669,7927
9481.341,9502
7125.39,7258
7240.223,7301
8014.319,7930
7277.181,7227
9266.042,9349
9236.958,9308
8000.852,7962
9546.43,9518
9339.403,9303
9994.335,9944
9049.017,8977
7244.371,7232
9555.193,9512
7257.289,7236
6911.51,6983
6942.413,6896
9024.173,9064
6865.404,7001
8060.65,7916
9903.205,9962
9606.641,9515
7338.427,7263
9065.102,9020
9324.14,9296
8913.552,8976
9258.032,9332
6994.399,6895
7077.287,7003
8695.713,8721
9456.103,9498
9495.58,9527
6923.321,6930
7256.788,7216
7014.259,7040
8929.062,9050
9415.64,9511
8688.211,8665
9404.47,9481
9358.713,9346
8600.516,8636
7817.117,7965
7004.461,6972
8978.05,9071
9990.797,9976
7383.802,7250
6879.019,7049
7289.221,7266
7260.959,7303
8595.928,8690
10000.684,9921
6920.272,6879
9052.991,8987
9462.878,9494
8886.053,9041
8639.365,8695
6943.549,6867
9293.001,9330
9873.809,9957
9966.885,9963
6729.36,6868
7342.054,7316
7923.071,7959
9293.242,9307
7386.934,7282
8764.126,8655
9253.157,9350
9385.037,9348
8949.839,9039
7157.896,7265
9937.39,9957
8582.169,8718
8644.703,8696
8694.695,8666
6949.524,6931
9222.823,9316
8974.999,8980
7116.765,6995
8046.08,8007
9068.151,8985
8945.465,9012
9348.901,9328
7972.015,7963
7305.939,7323
6862.539,6808
8677.339,8650
7239.449,7294
9528.606,9536
7393.649,7293
6804.008,6910
7984.829,7947
7992.977,7953
7992.492,7985
7318.546,7320
9104.716,9056
8087.021,7922
6748.568,6833
7973.108,7921
9599.861,9466
9073.416,9001
9309.904,9265
9997.816,9898
6838.946,6842
6888.57,6938
9354.98,9312
9950.955,9987
9112.038,9004
7232.899,7255
7331.823,7334
9023.331,9062
8687.141,8645
8706.547,8684
6884.513,6987
7290.731,7332
6872.835,7007
9874.71,9963
7297.643,7289
6979.388,6871
6894.188,6847
9481.741,9523
7078.027,6967
7945.814,8021
8637.875,8702
7021.558,6978
9070.083,9037
9398.987,9280
6712.007,6810
7325.142,7247
8975.406,9055
6930.74,6945
8661.971,8718
6898.018,6959
6904.891,6787
9593.924,9476
9482.857,9496
8702.645,8676
6965.624,6897
9035.087,9061
9592.754,9534
8736.36,8654
9885.221,9951
7030.735,6999
9363.517,9336
6808.444,6865
9017.445,8968
8673.007,8669
9587.37,9530
6781.804,6877
9482.304,9495
9330.523,9351
6811.624,6832
7852.317,7960
9418.496,9324
8771.865,8665
6972.17,6863
7293.52,7305
7134.294,7052
9237.48,9318
6987.804,6993
6988.982,7048
6919.207,6834
9520.731,9512
9002.712,8989
7867.424,7970
7020.173,6991
7244.797,7300
6842.87,6772
6881.603,6967
8790.221,8715
9979.745,9921
8656.325,8677
9328.621,9356
7068.061,7001
9866.925,9974
7345.182,7296
9049.14,9015
8608.832,8682
9955.549,9993
9945.701,9929
9344.049,9350
9297.832,9340
7335.886,7292
9331.224,9348
8988.672,9055
6909.753,6851
9539.348,9517
9612.941,9476
7118.099,7039
9224.742,9308
9356.712,9329
9521.855,9567
9417.491,9543
7024.998,6935
8677.529,8646
8745.248,8722
9410.287,9521
8053.16,8005
8958.244,9000
7388.224,7294
8692.91,8695
8902.322,9022
7807.551,7917
7900.204,8032
9412.642,9467
6823.116,6918
6825.936,6912
9932.689,9950
8943.237,9000
9033.273,9009
8618.222,8646
9275.512,9291
7005.844,7007
9970.15,10002
7260.48,7248
7298.688,7261
6818.842,6904
7978.111,7994
7004.08,7007
8059.458,7917
9302.724,9327
8684.856,8714
9366.902,9338
9288.725,9348
8704.829,8656
6878.059,6896
6829.348,6821
7987.667,7993
7903.633,7955
8715.012,8652
8648.275,8683
9261.09,9323
10059.534,9922
9918.57,9920
7403.755,7364
10002.623,10017
7900.471,7915
7087.142,6988
9577.01,9511
7337.722,7296
8930.108,9001
7258.038,7287
7333.331,7290
7926.626,7957
9381.562,9294
9548.443,9520
6783.715,6898
9037.569,9022
7265.033,7267
9508.137,9514
8044.427,7983
9907.386,9993
9292.682,9322
9899.607,10003
9239.094,9303
10032.019,9969
9009.592,8989
7041.765,7038
7162.363,7271
7945.877,7936
7108.625,6994
6930.441,6837
9481.333,9490
9072.846,9032
8719.588,8663
8001.61,7992
8780.777,8682
7114.213,7032
9251.73,9392
7310.53,7321
9011.384,9007
9237.978,9343
9536.579,9513
7056.366,7064
7312.877,7278
7308.753,7302
7033.121,7045
10055.167,9943
7313.521,7225
7852.535,7967
9230.908,9309
9402.23,9533
7871.232,7957
9079.295,9037
9417.546,9329
7216.807,7227
6984.79,6917
9914.69,9961
6979.937,6938
10013.198,9953
9098.36,9021
9417.429,9351
6981.891,7052
6995.06,6981
6853.812,6863
7102.866,7010
7989.537,7993
7259.617,7329
9287.63,9314
9038.191,9017
6964.25,6997
9059.298,8983
7251.72,7283
9273.663,9323
7914.159,7974
7960.306,7958
6842.313,6819
9945.905,9939
6955.585,6967
8007.721,7962
9255.828,9343
8734.112,8697
7910.373,7971
8952.16,9006
6977.675,6887
7272.444,7258
6864.916,6852
8772.047,8729
9422.476,9340
7857.002,7993
7359.675,7248
8743.715,8654
8581.794,8655
9309.007,9300
9389.408,9308
7896.438,8003
6833.384,6906
9945.377,9925
7043.883,7045
9597.528,9522
9882.522,9952
7089.436,7026
7276.073,7250
7121.148,7016
8667.556,8672
9910.379,9896
9877.701,9990
7092.827,7028
7139.239,6982
6797.253,6880
8640.738,8683
7037.496,6991
7371.43,7268
9420.331,9485
8957.256,9000
9452.395,9477
8627.339,8664
9886.17,9964
6955.742,6985
9987.77,9925
9886.845,9938
7295.493,7308
8042.442,7973
6802.989,6836
7234.871,7272
8578.164,8679
7987.547,7951
6967.898,6993
6939.479,6924
7999.28,7903
8648.367,8683
9489.637,9527
6948.168,7007
7927.827,7977
6912.714,6813
6724.729,6801
7325.203,7302
9985.106,9931
7208.701,7241
6992.801,7021
8662.035,8667
10042.703,9973
7843.624,7957
8999.349,9037
6861.782,6821
7383.144,7319
8704.408,8667
7026.278,6977
8799.867,8721
7119.994,6996
8619.556,8719
8949.576,9052
6973.563,6970
9290.606,9379
9332.891,9301
7978.858,7959
8770.123,8685
10003.216,9991
9405.058,9290
10029.847,10004
6872.851,6798
6959.612,6994
7904.916,7970
8961.169,9000
9500.37,9519
9997.236,9946
7020.086,7046
9540.511,9471
9416.034,9521
9247.774,9282
6774.208,6845
7995.143,7946
8904.017,9045
9271.03,9310
7055.575,6996
9979.704,9944
7944.163,7898
7352.537,7316
6872.717,6970
9389.899,9371
9300.679,9326
6931.022,6871
6970.524,6984
9913.413,9954
9468.899,9539
9588.003,9481
6815.721,6750
8947.134,9023
7256.329,7315
9956.221,10003
9093.461,9002
6914.319,6965
7331.238,7314
9962.554,9961
6840.218,6784
6926.996,6990
7964.334,7973
8646.558,8679
7878.614,7974
9002.53,8983
9374.924,9369
7171.706,7262
6963.684,7005
7314.339,7266
7012.878,6951
9319.004,9325
9297.424,9379
8741.8,8646
6965.528,6949
10000.771,9931
9463.424,9458
6899.064,6825
9533.598,9506
9482.337,9499
8058.791,7976
8976.704,8986
8638.022,8674
8994.748,8997
10030.467,9941
6856.084,6934
8734.436,8715
9370.451,9287
9390.398,9352
9525.939,9496
9041.285,9010
6863.416,6882
9416.607,9495
9238.135,9362
8917.074,9060
9362.352,9316
7879.002,7992
9404.968,9519
9024.605,9030
9525.737,9526
9000.19,9071
8923.045,8960
7030.353,6872
7033.986,7018
10031.663,9959
8675.507,8703
7842.142,7942
7319.938,7309
9953.737,9944
9494.359,9553
6894.168,6975
9087.138,9012
9017.797,9046
7338.924,7297
7089.258,6993
9562.611,9538
9503.892,9530
9458.116,9454
9123.747,9021
7386.705,7300
8721.621,8648
6915.602,6844
7152.316,7247
9441.357,9497
6856.654,6835
10045.141,9941
6902.922,6851
8693.691,8689
9254.368,9323
7028.093,7018
9336.001,9335
6911.033,6830
6956.15,6877
7837.456,7988
9471.592,9533
7323.387,7283
9937.124,9951
9305.618,9345
7342.945,7278
7272.464,7271
8765.259,8714
9416.559,9318
9994.596,9959
9234.625,9297
9250.531,9333
6740.196,6851
9574.633,9485
6781.237,6837
8663.268,8694
6820.936,6787
8593.749,8709
9378.997,9351
9988.672,10022
6805.536,6950
9876.803,9962
8583.973,8719
8718.354,8636
9260.155,9384
9451.21,9473
10033.67,9934
6988.672,7018
9045.132,9035
7842.636,7947
9900.011,9943
9458.566,9490
9889.991,9966
9337.701,9311
7847.194,7933
7919.626,7988
10003.746,9960
7932.433,7955
8004.999,7951
6990.044,6994
7370.493,7347
7230.841,7245
9353.618,9339
6919.314,6819
6967.188,6918
9242.535,9316
7921.074,7926
9442.328,9539
6901.195,6876
9417.498,9328
8902.314,9021
9501.75,9506
6888.393,6798
7295.356,7217
6913.528,6899
8993.199,9013
6925.128,6922
9082.158,9003
9900.249,9924
7076.777,7051
10050.182,9963
6929.344,6848
7045.882,7035
8055.553,7982
7330.111,7305
8672.282,8712
9461.529,9462
9929.759,10003
8740.186,8646
9372.031,9316
6935.221,6911
9466.025,9553
6975.439,6992
9598.406,9511
7020.695,7027
8967.551,9026
9269.361,9318
9009.039,8987
9474.315,9541
6899.277,6877
9532.334,9500
7017.889,6993
9233.6,9294
8748.048,8668
7433.975,7328
6938.233,6934
9981.256,9956
9867.037,9968
8759.626,8685
9861.175,9926
8940.134,8961
9334.498,9337
9426.471,9371
9536.776,9482
9279.91,9327
6910.396,6900
9943.593,9961
9583.868,9487
7935.67,7992
7403.153,7337
9973.523,10003
6803.77,6895
6902.266,6896
7964.039,7956
8725.378,8650
8684.455,8653
9381.03,9349
6848.276,6982
6990.031,6980
7242.025,7251
9578.619,9525
9514.163,9563
9346.444,9329
9023.849,9055
10039.534,9961
7984.981,8014
6936.891,6854
9417.687,9551
7313.601,7314
9430.322,9514
10012.908,9963
8028.009,7980
10013.978,9958
7924.343,7982
7978.017,7947
9367.933,9354
9530.755,9524
6797.938,6793
9036.5,8985
6849.513,6846
9233.981,9326
8015.286,7945
9246.721,9356
9565.702,9526
9082.238,8990
9573.131,9530
9582.441,9513
8072.002,7998
6855.635,6890
9315.591,9310
9343.661,9335
8924.129,8998
6879.543,6953
6842.12,6834
9057.267,9027
6971.408,6893
9092.952,8974
9248.484,9327
9400.013,9280
9436.841,9532
8656.23,8654
8999.149,9043
7990.715,8031
8672.206,8695
9038.186,9014
7227.092,7221
6805.959,6806
9529.321,9517
7325.09,7300
9920.984,9975
9114.138,9018
9554.59,9512
7233.798,7283
9883.742,9984
9103.769,9027
9275.768,9328
9022.665,9058
9600.944,9523
8600.695,8631
9934.765,9955
9105.547,9003
7191.576,7219
8702.751,8698
8641.717,8702
7897.125,7953
8665.997,8673
8966.021,9055
7050.585,7016
6860.115,6900
9053.673,8978
6896.123,7005
9064.7,9011
9037.249,9051
7342.032,7272
8745.779,8652
7338.691,7354
7907.774,7976
7010.044,6979
9238.063,9294
9312.964,9339
8740.895,8662
9899.389,9990
7859.726,7894
8614.42,8658
7017.986,7052
7974.66,7942
9606.123,9532
6890,6816
9360.124,9324
9578.087,9492
9018.142,8986
9018.354,9008
9548.135,9510
9515.774,9519
8043.35,7957
6926.327,6916
7302.236,7280
9924.529,9974
6873.53,6994
9993.556,9966
8023.321,7923
6804.358,6822
9377.789,9322
8631.37,8639
6825.328,6869
9287.99,9348
7314.234,7229
7038.548,6995
8074.331,8009
7995.225,7941
7823.578,7920
9313.132,9311
6930.107,7030
6932.628,7043
8720.496,8715
7857.908,7969
7226.645,7295
6956.972,6865
8965.702,9047
8671.696,8721
8623.766,8720
7917.229,7947
9410.223,9280
9236.325,9322
7215.732,7250
10033.256,9950
9106.788,9016
9370.364,9353
7110.169,7037
8599.657,8700
9910.967,9984
6909.807,6908
6819.05,6912
7840.076,7955
9259.798,9308
9493.088,9494
9071.663,9069
8011.404,7984
9958.325,9989
9291.664,9306
9015.641,9014
9856.569,9942
9134.748,8985
8738.366,8704
8738.506,8713
9564.97,9476
9428.506,9288
9280.498,9307
8746.615,8710
7036.583,6859
8923.335,9011
8657.615,8677
6903.675,6851
6820.144,6826
6938.061,7039
9927.959,9938
6923.125,6867
8586.739,8681
9921.816,10001
8088.057,8030
8730.93,8678
6846.632,6957
9427.826,9532
8612.559,8691
6993.378,6914
9095.695,9093
9604.208,9546
6914.832,6975
9072.159,9047
8736.706,8668
9350.11,9336
7118.96,7040
7952.933,7984
9461.88,9528
9048.765,9008
8738.882,8708
8735.092,8660
8682.088,8728
6972.179,6852
7957.749,7932
9599.432,9528
10082.348,9994
7321.024,7235
7277.425,7315
9991.499,9927
9374.013,9357
7009.586,7006
7096.663,7013
6977.01,6946
7995.11,7980
9552.051,9545
8684.278,8711
7358.934,7299
10015.91,9955
9427.606,9300
6874.519,6838
7026.045,6983
8595.444,8638
7010.68,7024
9480.675,9525
9906.128,9898
9928.797,9953
6793.5,6846
7927.091,7962
9358.979,9284
7341.71,7299
8738.294,8656
7035.576,7034
9060.257,8971
8652.036,8687
9027.708,9038
6935.328,6877
7244.066,7279
6941.628,6869
8020.192,7986
9416.472,9327
9071.996,9016
9419.882,9512
7982.752,7941
8751.782,8692
6966.978,6968
7305.547,7339
7352.71,7316
9877.479,9978
9009.024,9043
9238.057,9327
6923.467,6844
7885.23,7962
9917.747,9953
9936.622,10019
9360.31,9279
9321.643,9310
6955.439,7028
7134.743,7280
9383.893,9365
10049.673,10033
6996.134,6838
9286.292,9333
7232.273,7262
9983.811,9929
9931.361,9942
8695.726,8654
9104.622,9045
9265.885,9341
6874.045,6819
9377.506,9318
8600.622,8705
9264.413,9379
8974.049,8978
6815.148,6857
9467.262,9507
7386.543,7305
6866.881,6823
7376.36,7282
9419.708,9511
9913.127,9940
9018.662,9024
9338.578,9345
8667.018,8685
9884.435,9988
9573.49,9539
8747.83,8674
8949.449,9058
6976.315,6956
8955.276,9040
6919.23,6836
6962.477,6955
9447.612,9544
9507.491,9518
9570.446,9492
10057.543,9960
8734.271,8696
9482.149,9504
9034.48,8948
8096.025,7977
9444.971,9517
9479.962,9518
6955.46,6968
6862.012,6847
6913.327,6975
8935.853,9032
8692.78,8734
9964.105,9953
8729.996,8674
7323.115,7300
9237.167,9362
9056.34,9003
8048.168,7972
9064.252,9035
7089.01,6991
8975.602,9048
9872.178,9959
8573.28,8680
9300.335,9319
9042.124,9041
9067.408,9060
9582.232,9525
7371.941,7224
7006.332,7045
7846.536,7970
9083.594,9018
6987.904,7004
6787.774,6902
8634.322,8695
8720.419,8694
8751.979,8661
9869.656,9931
9913.969,9934
8756.001,8683
6906.851,6945
9979.25,9984
9032.884,9078
6804.272,6830
8901.032,8991
6819.138,6817
7134.992,6963
6912.407,6870
7173.166,7285
9076.997,9024
9317.069,9308
8913.026,9008
8605.788,8715
7082.633,6991
7860.307,8009
6892.574,6894
7227.925,7263
8075.381,7960
9292.793,9355
8584.213,8661
9026.669,9032
9405.378,9278
9414.235,9485
6989.777,7071
7309.524,7260
9052.919,9007
7246.558,7244
9976.339,9970
7171.565,7261
8662.759,8698
6997.011,7040
6775.652,6872
9585.864,9500
10008.606,9966
9066.984,9048
9006.694,9005
6785.506,6747
8006.835,7982
7353.739,7240
6874.213,6858
7986.511,7969
8008.516,7935
6791.38,6892
8944.269,9046
8676.923,8741
8094.06,7939
9985.367,9986
9411.602,9509
9993.664,9954
7365.801,7301
7848.821,7933
7316.085,7309
6949.178,6968
6770.532,6824
7274.089,7295
9449.75,9508
9927.081,9967
6960.144,6960
6891.905,6865
9567.813,9493
7389.906,7319
7269.103,7236
7174.315,7264
6945.283,7031
6984.217,6984
9565.852,9512
8999.509,9064
7953.962,7930
7045.836,6987
8775.3,8695
9113.568,9028
8793.438,8721
9904.978,9916
8766.178,8698
9958.125,9960
7265.653,7290
8983.039,8987
9974.405,9953
8920.479,9033
8615.575,8709
6863.722,6841
7876.333,7946
8030.004,7911
8735.502,8688
9000.172,8960
8013.737,7968
9952.181,9963
10045.234,9909
8776.507,8685
7181.258,7235
9284.576,9366
9069.557,8974
8755.921,8731
7856.491,7931
7930.99,7913
9599.411,9516
9396.952,9306
9440.249,9469
7009.724,7045
7026.696,6948
9362.964,9335
8007.928,7938
7928.528,7973
6753.211,6834
8960.907,9009
10010.912,9984
9558.807,9501
7424.375,7353
7228.332,7258
7380.816,7295
8922.62,9022
9053.363,9031
9231.69,9306
6918.941,6906
8699.617,8628
8088.75,7973
8007.079,7973
6879.847,6894
7037.719,7008
9597.652,9518
7005.015,7014
9253.828,9293
8972.766,8971
8005.572,7978
9311.236,9345
8765.387,8685
7017.656,7043
9566.135,9505
8684.494,8666
9340.351,9344
6745.002,6803
9022.018,8999
9522.358,9487
9081.885,9047
9847.681,9958
9437.003,9550
7006.03,7009
9026.762,9039
7026.159,7038
7916.708,7938
9014.049,8985
6914.687,7080
9943.354,9941
7314.999,7300
7056.119,6993
7344.344,7314
8744.121,8678
6782.427,6838
8929.853,8999
6929.595,6911
7211.511,7211
9377.042,9329
9238.998,9396
7212.287,7309
8577.044,8651
9447.363,9490
9266.245,9331
9554.515,9487
9250.416,9329
6888.743,6893
7053.846,7007
10003.531,9935
9310.058,9318
9481.268,9486
7265.712,7272
9296.12,9335
8959.847,9029
10054.168,9986
8008.027,7936
9521.938,9478
7198.956,7285
9430.419,9495
9867.031,9978
9248.476,9322
8621.729,8681
6873.072,6928
7333.186,7305
6848.993,6934
10026.66,10002
6931.561,7024
6854.281,6899
7106.294,7019
9380.556,9352
9466.262,9493
9915.2,9992
6997.157,7059
9883.896,10004
9230.637,9285
8968.186,9011
6770.669,6823
8740.716,8673
6982.429,6916
6808.108,6847
7931.698,7940
9426.671,9509
7377.861,7286
7180.319,7258
9351.332,9301
7245.402,7314
8984.635,8997
7270.13,7326
6897.2,6890
9891.587,9943
9456.479,9476
8651.384,8669
8667.711,8660
6929.685,7048
8756.338,8660
8706.745,8666
7150.531,7048
6869.158,6786
7286.874,7248
6931.718,7017
6884.174,6963
7293.451,7294
9025.251,9028
9539.609,9533
7918.844,7925
9035.994,9025
6864.199,6818
8713.88,8639
9567.563,9477
8052.947,7972
6959.137,6917
10061.799,9951
10039.256,9901
8947.159,9062
8028.896,7941
6814.125,6909
9862.162,9950
6800.35,6869
9937.966,9968
9870.528,9933
9593.176,9535
9278.953,9307
9922.122,9930
6818.468,6867
7935.558,7950
7299.635,7277
10051.989,9907
7267.878,7250
9122.919,9016
7394.448,7343
9481.103,9550
7273.671,7255
9319.504,9337
7275.821,7283
8026.476,7975
7922.431,7966
8045.136,7944
8925.959,9022
9430.696,9493
6919.896,6811
9549.463,9515
9498.493,9514
7278.405,7281
6787.512,6804
9491.465,9502
7041.078,6985
8651.21,8656
9974.426,9938
7292.887,7232
6990.98,7011
9424.962,9334
6991.138,6969
7379.793,7317
9464.789,9526
8647.013,8700
6889.774,6876
10036.181,9970
8678.334,8711
7969.581,7970
7070.938,7001
8079.356,8029
7157.913,7282
9100.177,9033
9283.951,9385
9078.498,9020
7227.24,7340
7280.937,7274
9418.102,9472
6760.094,6827
6938.549,7040
9461.868,9490
7200.03,7231
9435.955,9493
9423.587,9540
6900.111,6846
8969.192,9015
6854.37,6987
9230.388,9369
8696.726,8691
6872.169,6952
6937.463,6932
9599.488,9514
9072.091,9060
9907.24,9962
6934.916,6871
7314.332,7201
7973.292,7921
6788.878,6894
7985.396,8001
9279.609,9339
7933.865,7927
8568.165,8679
9005.514,9004
6928.997,6992
8624.714,8676
7821.203,7919
9584.49,9522
6928.75,6879
6912.262,6828
8022.488,7915
7255.175,7297
7065.415,7001
7929.476,7965
7122.834,7012
9024.95,9009
6846.741,6888
8568.449,8665
9384.546,9344
9428.549,9309
7878.516,7944
9289.517,9317
7372.791,7289
7371.174,7259
6831.571,6868
6951.172,6903
7993.387,7935
9450.169,9517
7345.861,7264
9027.762,9027
7929.192,7989
6892.398,7029
9065.109,9002
6925.132,6878
9019.732,9055
6781.608,6847
7308.761,7314
6909.852,7069
6911.009,6881
6996.55,7000
6847.284,6841
9290.911,9319
9044.081,9030
7263.02,7359
9565.082,9465
9051.063,9019
7405.97,7313
9583.842,9503
6934.035,6904
8577.087,8639
6921.36,6858
9828.918,9932
7271.096,7299
7356.526,7254
6764.601,6854
7239.507,7370
9262.452,9301
9335.952,9358
9972.976,9948
7988.908,7956
10047.525,9948
8007.566,7908
7231.409,7247
9408.508,9360
9535.524,9567
8983.261,9046
8912.406,8959
9604.267,9503
9292.497,9355
9966.855,9940
8961.153,9020
9494.203,9480
7002.372,6870
8082.141,7928
7029.741,7091
9963.458,9932
9489.251,9466
9265.12,9315
8637.311,8682
10001.729,9993
7983.107,7946
7349.696,7301
8711.802,8677
9533.876,9520
9900.155,9914
7946.727,7935
7251.245,7243
7920.748,7962
8698.581,8700
9258.522,9339
8104.775,7982
7399.569,7349
9509.111,9475
8664.33,8684
7061.008,7014
7333.37,7300
6895.418,7010
7949.335,8014
6944.737,6958
7071.27,6977
10045.055,9958
6860.898,6823
9567.916,9514
9498.465,9512
6879.967,7019
8730.158,8697
9030.22,9094
8793.657,8653
8686.565,8687
9603.124,9506
8774.166,8705
9443.592,9531
9991.709,9948
7356.892,7300
9015.043,9031
9419.644,9366
6906.896,6964
9562.459,9512
9035.375,9006
6786.794,6824
6879.818,6797
8786.497,8726
9548.465,9477
7163.842,7281
9123.927,9041
9014.253,9034
9349.549,9320
6917.089,7021
7846.991,7954
6965.597,6963
7889.883,7950
8025.042,7929
7002.177,7025
7169.657,7248
6727.894,6818
9938.339,9946
8064.999,7948
7203.131,7238
9007.042,8996
6875.978,6995
8745.893,8652
7014.489,6950
9242.923,9317
6847.64,6985
7311.668,7252
9943.653,10005
7360.501,7302
7925.518,7956
6888.456,6929
9520.785,9504
9927.442,9902
9425.143,9496
9072.041,9059
9590.713,9467
7990.892,7989
7229.075,7290
7267.424,7270
8772.755,8723
6808.006,6853
7282.509,7325
9879.038,9955
7892.422,7933
8595.524,8711
9438.25,9507
8783.705,8702
9883.98,9926
9274.4,9364
8643.16,8717
7233.25,7254
6910.515,6988
9243.097,9361
10044.526,9942
7349.912,7356
8749.663,8646
9954.271,9901
9477.79,9523
9422.365,9487
7213.424,7300
9607.695,9500
7009.3,7044
9471.996,9484
7270.824,7311
8770.948,8701
9975.52,9948
8032.2,7955
9098.375,9028
9518.124,9515
7012.439,7011
8918.164,9029
8011.726,8030
8685.409,8712
9886.45,9970
9299.552,9329
9408.536,9511
8706.876,8679
9460.093,9480
9842.168,9944
8022.118,7956
8997.553,9040
6847.002,6759
7991.434,7931
8629.479,8673
7163.886,7276
8006.205,7999
8938.089,8965
7369.361,7303
6767.979,6800
8034.494,7949
8008.369,8010
8587.398,8697
8076.525,8016
9987.355,9971
9349.754,9360
6881.601,6876
10027.509,9958
9452.034,9542
6865.975,6845
9390.507,9367
9903.796,9964
8577.582,8686
7400.268,7244
7856.505,7953
7355.33,7277
9931.379,9938
7334.384,7279
9976.405,10029
9493.202,9501
7247.835,7280
8764.342,8703
9220.818,9318
9439.566,9512
8987.038,9041
7937.334,7990
7229.185,7229
6862.654,6838
7386.95,7236
8662.87,8663
6940.905,6859
7977.813,8003
6906.864,7019
9548.586,9507
9088.099,8981
9518.198,9531
9542.993,9483
8066.895,7928
7053.904,6977
7354.418,7323
9380.415,9305
6990.585,7029
9899.504,9961
7065.164,6990
7937.928,7952
9033.836,8991
7052.219,7053
9103.877,9064
8590.874,8677
7939.052,7978
9385.779,9321
9031.133,9034
6918.103,6910
6935.935,6936
6996.503,6994
9383.977,9301
7065.339,7039
9935.236,9910
9249.493,9297
6945.409,7062
9483.624,9494
8914.14,9017
7349.409,7285
9020.584,9024
7242.039,7301
6893.611,6852
9488.575,9516
9829.591,9959
7087.062,7023
6942.82,7000
6788.2,6852
9508.138,9528
10032.074,9950
8611.309,8638
8614.36,8678
7407.063,7294
8606.369,8701
6798.433,6873
7380.989,7270
7042.495,7009
7826.448,7933
7370.124,7303
9544.71,9525
9299.443,9313
9441.639,9537
6897.099,6841
9989.586,9958
7351.316,7321
8061.729,7987
8728,8690
9397.038,9323
9909.012,9954
9350.784,9282
8750.515,8699
9934.118,9969
7955.332,7997
6774.317,6827
9018.199,9015
7909.031,7920
6938.923,6984
7937.698,7946
8616.099,8703
7937.103,7948
7974.594,8011
7339.028,7264
8014.919,7969
6952.127,7009
8688.402,8706
9408.213,9489
8956.889,8987
6795.27,6872
9463.116,9499
9460.281,9535
9367.955,9314
8729.152,8651
9275.259,9330
7367.133,7317
9370.024,9321
6754.183,6914
9294.757,9278
7284.419,7299
6856.14,6860
8914.806,8980
8642.543,8662
9212.692,9381
8713.918,8665
8793.673,8666
7012.217,6972
8054.943,7987
9998.713,9952
9557.815,9505
9051.288,9016
7368.332,7283
9608.845,9538
6986.597,7011
9899.007,9923
9936.046,9976
9857.443,10018
7836.919,7923
9878.484,9961
7859.605,7955
8588.836,8698
6881.359,6838
9444.571,9499
9406.053,9306
9899.427,9939
9987.74,9982
9408.254,9280
9459.179,9503
7298.865,7288
8046,7985
6828.643,6853
7060.041,6960
8013.379,8012
7246.817,7323
6910.097,6923
8958.268,8953
7972.068,7999
7148.266,7012
9419.03,9304
8809.781,8700
8985.073,8989
9873.66,9960
9601.688,9543
8765.727,8685
6836.434,6843
10024.663,9997
6922.411,6992
9452.836,9487
6954.359,6985
6912.759,6860
7026.388,6968
7007.422,6992
6872.671,6819
9457.184,9520
6867.786,6999
9394.855,9287
6792.676,6832
6797.438,6871
9345.987,9384
8961.252,9020
9914.709,9988
7913.61,7992
8997.011,8994
9395.774,9350
7974.297,7929
8942.299,9055
10006.309,9930
8883.01,9000
7418.292,7280
7927.4,7929
9343.895,9271
8575.4,8681
9236.58,9388
8585.193,8667
8603.42,8727
7277.705,7288
6968.612,7051
7313.632,7272
9073.492,9023
9527.526,9498
6882.362,6862
9400.995,9329
7887.029,7962
7228.949,7288
9543.206,9507
7833.403,7953
7994.134,7971
9469.497,9473
9434.874,9472
6753.22,6874
6949.768,7002
9021.292,8978
6949.304,6981
7994.505,7933
9888.521,9991
9052.465,9070
7035.363,6970
9512.379,9520
7188.363,7227
9426.614,9380
9579.363,9514
8670.88,8718
9270.054,9345
7126.02,7274
9497.591,9460
9358.047,9370
9299.467,9348
7927.463,7962
7846.205,7892
8972.312,9064
9087.383,9039
8639.589,8698
6749.601,6814
6976.172,7012
7121.704,6982
7937.196,7970
9495.664,9531
7371.077,7366
9365.717,9311
9560.579,9503
8647.217,8666
9967.682,9946
9879.052,9946
8958.583,9017
6860.853,6864
8969.808,9013
6814.097,6884
7885.522,7914
9288.555,9302
9526.597,9510
9533.684,9528
7122.259,7032
8663.807,8740
8901.017,9051
6785.249,6809
7941.07,7929
9925.394,9977
9354.137,9350
9539.231,9491
10006.073,9974
9108.253,9053
8669.817,8661
8681.394,8651
9474.744,9510
9362.868,9293
6811.977,6822
9497.352,9478
6916.988,6832
9988.34,10001
9951.95,10031
7925.618,7918
8036.806,8002
8683.318,8695
8982.202,9001
9582.848,9492
9327.446,9344
9245.443,9320
8572.201,8668
6870.168,6956
8928.054,9004
8595.034,8646
8025.217,7939
7330.07,7266
8632.373,8661
8593.681,8674
9288.819,9374
7302.796,7271
8707.22,8732
9885.487,9989
6982.873,6900
8724.475,8679
8740.124,8706
9021.823,9053
8770.542,8644
6934.83,6966
9437.519,9485
8753.769,8662
9444.117,9493
6990.724,6996
7384.994,7315
9386.209,9317
8591.246,8701
7984.541,7986
9572.523,9497
9273.949,9338
6991.014,7005
6854.526,6814
9108.061,9032
8934.169,8983
6984.932,7015
9362.446,9356
10026.018,9911
9026.33,8973
7046.686,7036
8990.079,9082
7234.637,7281
6925.351,6984
8656.757,8708
8953.23,8992
8676.991,8703
9936.751,9981
8703.802,8687
6936.341,6994
7033.676,6996
6833.428,6870
6951.35,6986
8954.691,9047
6933.278,6870
6937.377,6867
6944.363,7025
8992.365,9033
9461.501,9508
6830.959,6844
7053.056,6988
6931.82,6934
9261.22,9291
8945.421,9029
7950.646,7960
9554.472,9505
9977.997,9969
8932.858,9027
7109.548,6972
9018.028,9029
9942.231,9950
8697.176,8722
8656.044,8684
9562.471,9517
6963.031,6874
7938.133,7960
9022.498,9007
7231.179,7338
7298.66,7281
8957.264,9043
9000.107,9001
7246.295,7266
9076.429,9044
9534.719,9520
9481.124,9490
8747.017,8672
8613.317,8615
6830.791,6916
6819.79,6855
9401.534,9277
8996.069,9000
8953.226,9034
9417.022,9321
7354.929,7280
8928.678,9020
7391.168,7326
7861.138,7983
7120.082,7025
6779.237,6836
6987.163,7070
9413.882,9531
6882.216,6917
8940.285,9025
9288.187,9279
9583.421,9504
6982.202,7002
8934.125,9018
9934.822,10008
9889.607,9980
10031.965,9992
9593.249,9525
9057.224,9044
6878.572,6916
9869.431,9942
7113.266,6990
7120.978,7066
8989.16,8977
9435.503,9320
9597.009,9526
6903.148,7034
6768.45,6852
8962.803,8992
7188.314,7284
9551.026,9496
8981.378,9012
9230.157,9295
7229.941,7250
7981.704,7983
7948.611,7955
7250.522,7293
9910.586,9909
8894.115,8957
8931.336,8982
9411.018,9388
8949.157,8993
9980.766,9957
9411.714,9453
9253.625,9348
8738.61,8639
8591.622,8656
7321.562,7280
6976.482,6841
9562.45,9499
9332.364,9351
9392.939,9335
9394.041,9327
7375.662,7309
10048.138,9962
6813.368,6916
6915.505,7039
9570.712,9467
9566.897,9514
7130.17,7347
8705.999,8703
9554.676,9520
7952.643,7940
8902.003,8987
9539.927,9531
9536.271,9522
8610.539,8660
9886.373,9946
6913.554,6849
9431.819,9512
8950.007,9023
9551.977,9522
9903.436,9995
9883.582,9913
9404.449,9327
6779.723,6860
7173.775,7270
7091.01,7005
7059.985,6973
10058.09,9983
8592.562,8709
6807.652,6837
9913.783,9938
9874.419,9972
7877.613,8019
9873.674,9930
6852.604,6895
8958.183,8992
9040.969,9037
8076.886,7962
8016.208,7965
9988.566,9965
6746.991,6813
9499.876,9506
7867.927,7922
7996.957,7961
9915.047,9978
8940.053,9011
9588.536,9467
7406.71,7268
9400.75,9276
9904.139,9989
7077.385,7021
7973.329,7994
7285.547,7285
7371.799,7364
6980.175,6888
9249.485,9297
6909.557,6831
9914.763,9971
7409.436,7293
9389.338,9297
8676.96,8677
8952.906,9012
7958.637,7869
7426.097,7329
6937.508,6993
10045.912,9948
6863.506,6862
9248.433,9347
9421.544,9364
9387.266,9303
8710.385,8677
7014.461,7011
7925.193,7941
7075.043,7027
9293.029,9285
9887.571,9915
9936.926,9932
8619.484,8697
8775.921,8695
9370.161,9287
7064.95,6943
9436.112,9500
9542.813,9499
9535.44,9478
7242.764,7341
9449.694,9475
8759.48,8669
7131.108,7278
9949.501,9960
6892.541,6812
7104.153,7008
8670.13,8724
6925.17,6891
8697.863,8683
8937.62,8976
6930.703,6895
7227.225,7335
9261.007,9340
9230.862,9374
9942.615,9984
7911.321,7953
7982.806,7877
9102.007,9053
6982.448,6843
9249.742,9306
8916.584,9041
10085.506,9983
9933.07,10006
9253.872,9312
9979.664,9936
8784.962,8669
8996.657,9027
9273.896,9286
6891.271,6862
7932.767,7989
9506.884,9532
9396.261,9308
9878.896,9970
9557.487,9514
8688.535,8715
8962.728,8974
8667.81,8688
9838.597,9921
9314.466,9335
6914.283,7061
9223.436,9297
10019.892,10004
8043.857,7956
6966.426,6896
8958.578,9012
6941.379,6873
9496.226,9522
8723.743,8655
8627.411,8728
7340.566,7319
7848.987,8043
6854.883,6949
6952.524,6993
6848.167,6881
9078.302,8993
7361.096,7305
8683.673,8656
6960.464,7003
6796.375,6841
9104.495,9009
8924.019,8998
8902.23,9061
9229.478,9279
9493.714,9520
7353.577,7299
6976.841,6966
8623.479,8695
8684.693,8709
9528.142,9475
7392.269,7295
7110.93,7009
9600.73,9550
7030.681,6980
7099.85,7023
9329.322,9327
8949.161,9026
6862.667,6784
7367.198,7263
9596.498,9481
7938.704,7949
7954.873,7945
9493.892,9501
9378.899,9332
6999.852,6979
10016.176,9947
7184.791,7258
9943.326,9941
8631.586,8675
8653.218,8675
9960.862,9953
9416.373,9502
8702.828,8683
8899.995,8978
8736.686,8664
9137.898,9050
7182.978,7276
8945.795,9005
7112.34,7001
8778.087,8727
10027.703,9997
8968.314,9055
8945.127,8996
9285.908,9366
9423.274,9501
7935.393,7997
9558.101,9508
7029.104,7067
10077.459,9989
8031.681,7991
7334.194,7270
9428.484,9526
10032.927,9990
9548.906,9508
9567.598,9532
9334.757,9359
7189.042,7300
6843.09,6922
7248.065,7237
8958.418,9052
8917.157,9017
8610.22,8701
6973.55,7016
9043.239,8993
8645.935,8670
6884.063,6850
8785.379,8679
8718.974,8681
7894.96,7967
6993.296,6939
7978.373,7978
10027.624,9942
6867.087,6861
6952.571,6992
9956.003,9982
7035.874,7038
7978.421,7985
9591.542,9512
6892.645,6933
9435.788,9462
9444.157,9480
9466.975,9456
7948.425,7996
7054.381,7075
9431.249,9519
6915.92,6780
9425.649,9505
9093.655,9001
8739.004,8723
6835.008,6798
9405.905,9559
7122.851,6954
9418.258,9364
9404.627,9306
8741.458,8711
7317.644,7243
9942.302,9953
6808.273,6843
7907.326,7961
7261.707,7259
9308.536,9367
8685.585,8673
9131.557,9039
9273.569,9371
6877.561,6929
9956.851,10000
8953.429,9027
6808.178,6917
9273.311,9269
8600.928,8696
8959.169,9012
8068.189,7959
7308.997,7368
9975.759,9977
9031.597,9027
7206.374,7248
7360.078,7252
9403.469,9288
8610.965,8681
8784.298,8664
7041.793,7008
9475.554,9469
7204.821,7254
6872.393,6795
10024.98,9986
6927.539,6866
9531.423,9501
6938.931,6834
7328.429,7294
6923.833,6938
7978.118,7948
9554.905,9534
6931.659,6890
10029.057,9931
8001.999,7942
9401.05,9516
9369.377,9321
9088.961,9061
7886.609,7983
9336.123,9347
8618.379,8693
7007.356,7018
6782.808,6884
7993.646,7940
9390.29,9320
9229.583,9330
8767.302,8634
9259.991,9321
8718.749,8650
9313.188,9338
9486.927,9531
7347.185,7297
8617.541,8645
7272.646,7264
8005.511,7906
9013.245,9033
6887.22,6800
8733.044,8639
8081.555,8009
9286.743,9378
9590.673,9519
8624.119,8713
9560.297,9511
7321.244,7342
8640.119,8644
9548.453,9553
7965.92,7946
7911.946,8011
9545.021,9537
9916.07,10011
8736.045,8684
7241.578,7323
10056.423,9944
9029.362,9044
6828.925,6843
8795.627,8687
8628.262,8669
7910.504,7954
9325.062,9324
7282.053,7282
10005.812,9982
6935.132,6945
9902.582,9931
9021.381,8995
6831.473,6885
6865.196,6858
7363.071,7319
8016.793,7984
9069.299,9008
9448.655,9504
7354.176,7253
7968.179,7948
8659.309,8684
9330.495,9327
8661.682,8698
6975.555,7004
8724.393,8684
8737.257,8669
6960.043,6949
9612.185,9475
7888.423,7909
8711.049,8673
7269.609,7286
7131.003,6983
7838.042,7933
7822.392,7929
6922.392,7018
8729.389,8726
8913.278,9045
6946.087,6948
9495.894,9494
6953.274,6929
6951.478,6983
7031.732,7015
7279.691,7273
7353.263,7310
7864.986,7927
7333.831,7276
7921.391,7939
7986.299,7947
6962.795,6945
9345.329,9367
9456.271,9472
9973.384,9935
7942.49,7988
8977.22,9056
10055.285,9946
9487.54,9463
6909.753,6831
6993.323,7042
8022.706,7993
6854.341,6913
7988.688,7971
6983.669,7027
9278.045,9370
7899.305,7961
8968.721,9032
9025.177,9016
8597.261,8659
8959.28,9063
9271.587,9335
6994.22,7017
7358.818,7304
10029.417,9952
8648.399,8670
9004.002,9001
6851.13,6891
8623.475,8703
9096.256,9010
6779.953,6866
6761.902,6858
8604.101,8669
9483.642,9528
10068.953,9972
8968.253,8998
6911.179,6878
7916.11,7963
6912.004,6935
9103.539,9026
8926.626,9050
9580.533,9536
9053.101,8960
9353.471,9298
9456.2,9542
9432.87,9488
6952.338,6995
9580.362,9499
8069.917,7994
9008.235,9003
9481.527,9531
7068.798,7035
9361.503,9339
9899.701,9943
6896.83,6900
10038.134,9910
8976.184,9032
6840.427,6901
7393.051,7285
6870.448,6902
7927.43,7967
8996.234,9034
7333.802,7302
8674.803,8689
9034.344,9012
6950.862,6970
9991.564,9942
7087.082,6974
8629.044,8679
9442.004,9346
9241.827,9306
9460.461,9513
8923.315,9049
9276.176,9319
8775.353,8706
7954.66,7970
9918.488,9990
6749.568,6822
9587.908,9512
6825.907,6850
7013.588,7035
7283.29,7304
9939.452,9940
6973.42,7002
8724.652,8675
7062.292,7009
10060.707,9957
9031.146,9055
8610.066,8706
6903.25,6869
7348.877,7241
9516.293,9521
7238.713,7251
6957.344,7000
9992.424,9984
9387.091,9357
9528.299,9524
7354.352,7248
8641.51,8652
8740.005,8637
7358.703,7286
7088.194,6990
6975.88,6924
9474.996,9532
7249.791,7261
7064.003,6985
9318.421,9355
9354.9,9343
8595.301,8678
10028.465,10014
7433.941,7316
7006.439,6999
6807.385,6834
6991.386,7032
9504.648,9490
6980.49,6966
6833.849,6834
7264.56,7236
9288.822,9326
9385.401,9300
7381.146,7279
8652.635,8702
9442.606,9539
7087.524,7021
9492.153,9539
6867.62,6892
9254.946,9375
8694.579,8646
9264.424,9332
8913.142,9040
6836.137,6812
9362.519,9339
8779.626,8677
9441.293,9496
9457.76,9467
7243.192,7246
9248.314,9319
6891.636,6891
6919.25,6863
6950.577,7003
7297.057,7318
9403.856,9312
9955.313,9950
8021.786,8008
9305.61,9334
7902.783,7978
9558.914,9518
8758.638,8644
9281.057,9362
7208.294,7229
8761.198,8661
7072.786,7025
9590.078,9492
7246.045,7292
7032.693,7034
9391.507,9297
9096.53,8951
9286.991,9339
6932.814,6784
9384.617,9348
9929.491,9926
7351.998,7334
8987.725,9022
6937.198,6980
6765.319,6835
9901.084,9929
6961.163,6961
9520.238,9468
9428.183,9485
7068.196,7013
9234.373,9308
9459.528,9507
7025.946,7027
9562.247,9515
6820.624,6888
9262.903,9350
7004.962,7021
9593.886,9491
6789.231,6892
9388.709,9286
8682.118,8722
9446.711,9506
7005.799,6959
8755.428,8638
9235.707,9336
7099.342,7005
9359.398,9321
10042.727,9948
8081.076,7973
9501.986,9461
9411.677,9353
6827.205,6873
8720.804,8666
6969.587,6987
7160.825,7235
7974.619,7986
7844.72,7908
8962.37,9076
6824.624,6916
9911.133,9924
7186.625,7248
6843.455,6935
6887.194,6836
7960.011,7982
9259.621,9328
6872.382,7027
9893.857,9928
6776.933,6826
9899.829,9978
9455.611,9493
6779.328,6866
6846.282,6890
7900.889,7983
7319.775,7283
9930.088,9938
6756.143,6839
6740.233,6837
7958.676,7970
6905.269,6840
9247.757,9295
7338.778,7262
9143.818,9059
7281.575,7341
8070.182,8027
9552.462,9550
10008.384,9973
9970.112,9984
9034.418,9014
7374.62,7250
6927.793,6903
8967.91,9021
6911.574,6882
6863.74,6983
7957.496,7994
6921.672,6865
8730.82,8641
9006.143,9030
8043.101,7974
6854.64,6888
9493.267,9497
8719.803,8661
9577.485,9500
6868.91,6947
8916.257,8983
8651.52,8679
7343.243,7281
9474.465,9485
7219.973,7307
7967.263,7976
6757.945,6874
7958.304,7936
9460.812,9514
8677.247,8667
7905.332,8007
7845.672,7966
6964.21,6973
8736.78,8700
6913.329,7033
8728.45,8670
8997.726,8981
8737.351,8636
7326.737,7281
7373.022,7258
8763.581,8625
8062.657,7943
7899.891,7948
7994.528,7965
6907.835,6930
8756.827,8700
9478.158,9478
6878.963,6899
8668.481,8700
9026.841,9018
7356.939,7244
7087.11,6995
9946.982,9971
7924.162,7946
9088.762,9069
7066.841,7041
10010.084,9905
8929.918,9031
9023.635,8970
9490.437,9493
9272.997,9324
6840.446,6816
6860.573,6837
8957.817,9076
7890.053,7960
8669.517,8660
7386.906,7243
9881.3,9940
6918.979,6836
9477.488,9550
7279.271,7283
6786.534,6807
6881.062,6829
10016.313,9926
9908.909,9937
7900.596,7940
6915.667,7011
9429.52,9461
9471.298,9480
8000.308,8000
9403.52,9483
9037.701,9005
8698.064,8662
9848.29,9948
6906.627,6968
9900.278,9935
10042.734,9977
9857.701,9962
9552.55,9506
6970.777,6890
9932.522,9940
8995.581,8985
6919.393,6926
7014.408,6987
9087.237,9027
9082.141,9044
9413.898,9356
7346.866,7330
9471.39,9507
9428.36,9518
6956.715,6942
9018.059,9067
9228.588,9305
7353.778,7284
6816.907,6842
7983.771,7966
9481.048,9495
9305.526,9320
6876.986,6949
7071.255,6989
7016.666,6900
9014.736,9015
7391.007,7353
9886.329,10011
8028.313,7942
7980.888,7957
8715.595,8692
7964.422,7981
8680.196,8658
7077.478,7019
9451.179,9531
8966.958,9023
8588.682,8617
9989.032,9955
9479.381,9547
7360.285,7271
6896.224,6831
9904.022,9932
9077.65,9037
7071.264,6972
6952.01,7038
9995.021,9914
7989.723,7981
9970.744,9942
8567.188,8664
9313.31,9306
7970.3,7950
10074.31,10003
6933.27,6898
6750.491,6835
9262.926,9350
8628.994,8652
7069.712,6999
9263.487,9327
7935.213,7968
8653.907,8669
9339.025,9331
8700.323,8642
6885.486,6916
9078.779,9038
7290.611,7296
8696.075,8687
6914.263,6845
7304.873,7289
7350.171,7334
9414.993,9305
7146.222,6990
7867.199,7980
9090.815,9009
9220.446,9328
7200.972,7245
7977.073,7937
8959.939,9009
8612.861,8671
7016.527,7040
8906.261,8988
9084.213,9008
6933.518,6925
9484.325,9505
8679.678,8670
8015.053,7955
9466.715,9504
10027.102,9962
9591.497,9519
8575.672,8640
7217.24,7286
10052.682,9924
6981.409,7052
7413.71,7296
8085.03,7996
8646.18,8678
6887.144,6821
7280.833,7225
9322.494,9273
9004.135,9007
6862.879,6814
7202.311,7280
7954.034,7988
7911.059,7986
9953.016,9983
10018.842,9935
9030.504,9062
9402.551,9293
9414.036,9332
7165.917,7195
7016.501,6975
8009.14,7933
9914.48,9965
9394.212,9269
9905.754,9957
8688.925,8700
9918.403,9907
9504.151,9527
6871.516,7003
9283.643,9337
9365.64,9317
7281.98,7263
9445.224,9538
6891.669,6899
7200.062,7240
9385.392,9297
7289.098,7277
9375.83,9285
8634.191,8664
7227.861,7255
10036.606,9956
10044.324,9990
6969.662,7014
6819.264,6874
7324.093,7296
9031.265,9024
7056.186,7049
7089.752,7015
7264.805,7274
9928.56,9941
7001.5,6894
6903.472,6863
6777.093,6816
7335.008,7274
8953.351,9041
9597.668,9481
9078.566,9026
9424.654,9522
7298.85,7298
6891.752,6884
8937.634,9012
8920.559,8981
8002.399,7946
6807.055,6929
9072.672,9026
9394.73,9307
9452.96,9521
9001.209,9021
7224.485,7212
8634.853,8695
7353.448,7243
8720.985,8668
9899.117,10033
8726.792,8662
8942.664,9079
9942.566,9922
8015.104,8005
6932.715,6948
7069.872,6997
9237.69,9329
8997.446,8994
8772.367,8655
8651.369,8653
7081.043,7024
6846.715,6963
8753.682,8678
6789.757,6836
7075.356,6998
9853.925,9934
7985.47,7950
7986.975,7956
9313.941,9320
8954.068,9029
7364.491,7217
7004.233,6939
9569.198,9534
9431.495,9518
7065.936,6990
9026.671,9044
6918.302,6858
8607.886,8639
10074.6,9937
9486.896,9500
7296.561,7277
9418.873,9513
9565.878,9549
7292.192,7281
9923.745,9910
9464.934,9522
7053.098,7011
8599.245,8666
8658.556,8658
7223.486,7266
9232.787,9291
9592.085,9570
9316.072,9330
9954.941,10001
9043.525,9045
8724.378,8643
9605.756,9520
8594.95,8659
9549.251,9509
8732.934,8717
9335.933,9338
8705.796,8693
7938.242,7969
9281.151,9357
8035.862,7973
7207.671,7268
9389.958,9333
8058.186,8001
6846.884,6820
7039.329,7017
9495.429,9528
8720.808,8641
9275.007,9314
6785.745,6855
9538.324,9561
9976.882,9923
9828.927,9940
6917.501,6971
6912.276,6995
7094.726,6959
9515.549,9513
6837.528,6859
8050.888,7948
8009.846,7975
10024.251,9936
8927.744,8955
6915.588,6845
10036.893,9993
7106.033,7017
6839.779,6989
9073,9025
7253.671,7257
8730.434,8653
6937.088,6971
7368.017,7312
6783.129,6887
6974.54,7022
10014.223,9927
9455.401,9534
7265.413,7284
8660.509,8674
9337.817,9335
8580.647,8703
6975.688,6890
8996.531,8992
9346.224,9321
9512.93,9465
9367.403,9357
7062.454,7014
6818.464,6814
9532.225,9468
9983.845,9906
8063.915,7979
9933.242,9990
7946.115,7998
8714.002,8693
7283.779,7348
7338.791,7283
9890.528,9963
8112.61,7972
9323,9329
9980.764,9968
9017.826,9031
6771.863,6853
7065.112,6985
10067.227,9921
9427.234,9503
8698.201,8651
10028.793,9935
8978.101,9019
8931.167,9042
9576.08,9474
9971.937,9970
9574.24,9488
7096.638,6997
9025.048,9037
6910.846,6863
7284.44,7295
8590.636,8658
8018.552,7966
9077.775,9002
8755.611,8652
7970.945,7967
8990.557,9029
7380.212,7259
7076.035,6996
9952.884,9931
9255.388,9331
6711.499,6796
7935.285,7932
7134.035,6963
6898.89,6777
6982.739,6990
9003.106,8985
7916.299,7966
8734.536,8658
9248.305,9354
9526.181,9517
9090.36,8992
9267.021,9358
7366.767,7346
7218.899,7294
8938.319,8992
8619.04,8656
7284.993,7285
9534.746,9487
7906.193,7974
6897.124,6913
6857.219,6896
9048.471,9023
